timestamp,Signal
39000,0.0042025944368935
39001,0.02633504550361
39002,0.0069357726833723
39003,0.0018981992520308
39004,0.0084479392366541
39005,-0.013719904832423
39006,-0.01327731607985
39007,0.0051283655814055
39008,0.0153091197127369
39009,-0.0136901122283628
39010,-0.014138874416899
39011,0.0021038759744161
39012,0.0314151253326675
39013,0.0121997072479678
39014,-0.0048909620342347
39015,-0.0100749463278102
39016,-0.0120405748363764
39017,-0.0320196507315138
39018,-0.0332025066324725
39019,0.0205337497297585
39020,0.0376838469941962
39021,0.0357348432478045
39022,0.0073399576378691
39023,-0.0115226317091569
39024,-0.0020625849126287
39025,-0.0037911293383971
39026,-0.0119776808831505
39027,-0.0121246124359336
39028,-0.0141895245147524
39029,-0.0064914608679798
39030,-0.0081204911952939
39031,0.0003400585104323
39032,-0.0034114214285037
39033,0.0089114357485001
39034,0.0151839285270043
39035,0.0126330060020214
39036,0.0011146310745755
39037,0.0018553688442598
39038,-0.0031247388431156
39039,0.0032049150801121
39040,0.008695132828927
39041,-0.0070869036916324
39042,0.0026908625658628
39043,0.0024192007216057
39044,-0.0015868711216714
39045,0.0133619477014263
39046,0.0039116336093823
39047,-0.0207895386233122
39048,-0.0094697628017472
39049,-0.017502949419019
39050,-0.0001953121847702
39051,0.0116737284367843
39052,0.0091769218751133
39053,-0.0171126651618168
39054,-0.0076432501655716
39055,0.0229221304790101
39056,-0.0290140161437131
39057,-0.003024314314806
39058,0.0846476667957866
39059,0.036758302463492
39060,-0.0252736302113033
39061,-0.0272224200331774
39062,-0.0226096347364278
39063,-0.016040276479161
39064,-0.0224375447788871
39065,-0.0223704504778221
39066,-0.0075536092277304
39067,0.0126627318236193
39068,-0.000391607196361
39069,0.0150949937410037
39070,0.0191414482181438
39071,0.0032641756388592
39072,0.0130272654644456
39073,0.001178862668914
39074,-0.0303467507594256
39075,-0.0138217649902775
39076,0.0365798755654007
39077,0.0321853494565011
39078,0.0006581560090103
39079,-0.0030803438784489
39080,-0.0023157948120073
39081,-0.0115392506871614
39082,-0.0119810081297471
39083,-0.0108021859825747
39084,-0.0031478816413812
39085,-0.006616384000207
39086,-0.0069451113422565
39087,0.0021066439560623
39088,0.0057368478304268
39089,0.0033464247318578
39090,-0.002283580979159
39091,-0.0045597890029263
39092,0.0154833014095256
39093,0.0403606345456907
39094,0.0055574347403359
39095,-0.0145451729266601
39096,0.0004339702501201
39097,-0.0016846546351286
39098,-0.0216399764287398
39099,-0.0248367168436117
39100,-0.0084015529218157
39101,0.0083278217711089
39102,0.0247011412442058
39103,0.0135609688317103
39104,0.006358338287863
39105,-0.0152079045592075
39106,-0.0267694382668222
39107,-0.0124783853308293
39108,0.018252229377137
39109,0.017179613774068
39110,-0.0191255615469232
39111,0.0028848147231878
39112,0.0091845899550999
39113,0.0022536675772716
39114,-0.0121092571035647
39115,-0.0079122514926885
39116,0.0077501283051646
39117,-0.0106178080617187
39118,-0.0028145640462278
39119,0.0181087185248557
39120,0.0128503587267414
39121,-0.0058979420463388
39122,-0.0113205345732677
39123,-0.0034523315648312
39124,-0.000700522204094
39125,-0.0063083985533279
39126,0.0012574050000533
39127,0.0140285765342609
39128,0.0209028258799833
39129,0.0151376426082529
39130,-0.0032864861272965
39131,0.0027688196705604
39132,-0.0057391964352179
39133,-0.0176992193687998
39134,-0.002073322643388
39135,0.003917532788676
39136,-0.012736797671803
39137,0.001424802020985
39138,0.0404497995313573
39139,0.0033088173271688
39140,-0.0133556613214999
39141,-0.033988907137252
39142,-0.0704508151556741
39143,0.0146679859643405
39144,0.0775397532679479
39145,0.0154926665326301
39146,-0.005197639469767
39147,-0.0071011938696367
39148,-0.0151831594334396
39149,-0.0206042151697949
39150,-0.0024865626807996
39151,-0.0037291026957609
39152,0.0036249549697314
39153,0.0121818916524245
39154,-0.0066133724083833
39155,-0.0030529890547398
39156,-0.0025734822639549
39157,0.0039758538759856
39158,-0.0070851238015406
39159,0.0013535047580095
39160,0.0172699027787716
39161,0.0094211277497669
39162,-0.0103768385563073
39163,-0.0217124228564434
39164,-0.0256922990632117
39165,-0.0142520561544717
39166,0.0470966993492895
39167,0.1216950045732189
39168,0.0405750052684082
39169,-0.040436162614489
39170,-0.0644492297361875
39171,-0.019295220765114
39172,0.0123684177344108
39173,-0.0163907270768075
39174,-0.0035366628264463
39175,-0.0119624900007869
39176,-0.0086763843038557
39177,0.0016318593002104
39178,-0.0196470611761166
39179,-0.0284724370835422
39180,0.0069484577650328
39181,0.0100981934058783
39182,-0.0118541202679578
39183,0.001051124076485
39184,0.0276943029777608
39185,0.0185340770176978
39186,-0.003613654674794
39187,-0.0028453034438433
39188,0.0080955793500512
39189,0.0110001195066519
39190,-0.0020741628388814
39191,-0.0013949144188265
39192,0.0053854275412119
39193,-0.0014062494703355
39194,-0.0007723919014858
39195,-0.0032303997212786
39196,0.0122576057544133
39197,0.0082968524089574
39198,0.0015799417219111
39199,-0.0010078078751149
39200,-0.0041494450908848
39201,-0.0145878071365174
39202,-0.0076280981089647
39203,-0.0049879265265291
39204,-0.001833988736006
39205,-0.0040085304249599
39206,0.0081655944402054
39207,0.0076543734144034
39208,-0.01654464787044
39209,-0.0079531326311692
39210,0.0069247304389689
39211,0.006925716834643
39212,-0.0196454696788876
39213,0.0160162599121659
39214,0.016893803175974
39215,-0.0008623132012409
39216,0.0083705385445877
39217,0.0130999521537464
39218,0.0209799403370775
39219,0.003687426525457
39220,-0.0178529487740433
39221,-0.0313471909629107
39222,-0.0067002385468922
39223,-0.0125780456420851
39224,-0.0209678220857876
39225,-0.0033476212064225
39226,-0.0062348546165582
39227,0.0022655974803355
39228,-0.0017353032726231
39229,-0.0010555809248459
39230,0.0090792168676966
39231,0.0089312647454619
39232,0.0085083724161152
39233,0.0106898760014483
39234,0.0024009390186326
39235,0.0038000864313945
39236,0.0176324744123354
39237,0.0094375341594974
39238,-0.0012557408181267
39239,-0.0020138174919299
39240,0.0012108781625166
39241,0.0077968581996229
39242,-0.0037688712459773
39243,-0.0023611737007398
39244,0.0012487274484939
39245,0.0009212928161811
39246,-0.0018814488820992
39247,-0.0004300491506765
39248,-0.0014726097536472
39249,-0.0108341634305621
39250,-0.0072431096692472
39251,-0.0050060046011676
39252,-0.0159420677040278
39253,-0.0180600087119563
39254,-0.0019328290906705
39255,0.0032345686266009
39256,0.0205126964734926
39257,0.0048161251639337
39258,-0.0168036869651671
39259,-0.0052019884025614
39260,0.0319922821599603
39261,0.0654381138659088
39262,0.0112816498977887
39263,-0.0354612281482165
39264,-0.0241593189291237
39265,0.0012488325649545
39266,-0.0068401243562143
39267,-0.0228051846191692
39268,-0.0151303788490795
39269,-0.0161540619865679
39270,-0.0044081799822947
39271,-0.000688188976142
39272,-0.0003470879221913
39273,-0.0009463908194421
39274,0.0075819465824522
39275,0.0040653888680241
39276,0.0131596902935571
39277,0.0060321003044327
39278,0.0050433620779144
39279,0.0048185707112512
39280,0.0071955010359209
39281,0.0102728856496612
39282,-0.0004511064940969
39283,0.0096384694689073
39284,0.0041962794278722
39285,0.0024955268460322
39286,0.0010726508093025
39287,0.0026529946724643
39288,0.0029946384780568
39289,-0.0099276550057844
39290,-0.0051763488073213
39291,-0.0007882324294722
39292,-0.0207059266893247
39293,-0.0326142466031898
39294,0.0146976468855338
39295,0.0808986811423833
39296,0.0388892175070508
39297,-0.0100229174488698
39298,-0.037922854708011
39299,-0.0471122502748586
39300,-0.0326159525930305
39301,-0.0273846468008318
39302,-0.0034980452567448
39303,0.0090309181549785
39304,0.0146004944653408
39305,0.0157961458022947
39306,-0.0153002737231134
39307,0.00385620163584
39308,0.0323697421601013
39309,0.002342547397357
39310,-0.0100820138074272
39311,0.010919254414479
39312,-0.0032710522347062
39313,-0.0117533181920738
39314,0.0028273933835622
39315,0.0056351606632646
39316,0.0044210100678248
39317,-0.0005294094258236
39318,-0.0107098161079815
39319,-0.0132743583917799
39320,-0.0009071649297299
39321,-0.0127426626560373
39322,0.0101597098201187
39323,0.0165314601879541
39324,0.0143846488166646
39325,0.0097556947451662
39326,-0.0107266291345387
39327,-0.0021982437677131
39328,0.0312284052948705
39329,0.0151140294876986
39330,-0.0076442578645797
39331,-0.0108780489960252
39332,-0.0155916134478787
39333,0.0057170094906932
39334,-0.0029856091449629
39335,-0.0128985965983674
39336,-0.0196266643289411
39337,0.0043924997679082
39338,0.0284336832739166
39339,-0.0033641825840738
39340,0.0137929864645589
39341,0.0019997147018851
39342,-0.0152411426815093
39343,-0.0006147827771221
39344,-0.0096946965882857
39345,-0.0132533510530771
39346,-0.0132800970356081
39347,0.0040254188595813
39348,-0.0002963341189362
39349,0.0069965971036397
39350,-0.0142508959429253
39351,-0.0133608879315118
39352,-0.0003120527850853
39353,-0.0008403922262761
39354,0.0183856775236609
39355,0.029102991955595
39356,0.006166283576077
39357,-0.0101578517771656
39358,-0.0205212581589776
39359,-0.0116858870750642
39360,0.0251740068239397
39361,0.0243446156958337
39362,0.0022095572355798
39363,0.0051094700943949
39364,0.0089299200361757
39365,-0.0204175918065581
39366,-0.0076096934777645
39367,-0.0017064863410571
39368,0.0066696701587029
39369,-0.0070300546581002
39370,-0.0185983027082968
39371,-0.0082581343143477
39372,-0.0025116597296135
39373,0.0058241993471021
39374,0.0119812204085441
39375,0.0063502807444148
39376,-0.0033594076273425
39377,0.0045205046690381
39378,-0.0037257787822543
39379,0.0008928340671388
39380,0.0014768183295122
39381,0.005348780020508
39382,0.0055410040647051
39383,-0.0008090467058349
39384,5.007984133963833e-05
39385,-0.041802127743046
39386,-0.0205887879461574
39387,0.0740606723720016
39388,0.0414841770886337
39389,-0.0135590028023972
39390,-0.0112928584581788
39391,-0.0119669042482988
39392,0.0044057202751806
39393,-0.0001252720709636
39394,-0.0150895519422635
39395,-0.0225607227194063
39396,-0.0248075891098862
39397,-0.0145146467310024
39398,-0.0042869576858456
39399,0.003160383339963
39400,-0.006864823205969
39401,0.0108112464054851
39402,0.0383840329489181
39403,0.0112622566645061
39404,0.0022373297227034
39405,-0.0086595251028489
39406,-0.0077814589654918
39407,-0.0023448127127984
39408,-0.0047108012148801
39409,-0.004981779389914
39410,0.0141774391937237
39411,0.0158728968420853
39412,-0.0100376337127234
39413,0.0053209890326958
39414,0.0092438950327023
39415,0.0110140501436576
39416,0.0047137228551466
39417,-0.0088766684629341
39418,-0.0198502813846508
39419,-0.0174432148143616
39420,0.0087327017964071
39421,-0.0070171972957029
39422,-0.0078829399420441
39423,-0.0412805595872104
39424,-0.0009339495051139
39425,0.1278170078004943
39426,0.0788989804193285
39427,-0.0252617849322425
39428,-0.0566902157045089
39429,-0.0370859682099088
39430,-0.0346678805715676
39431,-0.0101040198071488
39432,0.0012148174700491
39433,-0.0129027089217728
39434,-0.0047214491264885
39435,-0.0064730812661615
39436,0.0007233831713256
39437,0.0007015204617091
39438,0.0084101039067982
39439,0.0133229812143867
39440,-0.0054744413486798
39441,-0.0010912011121681
39442,0.0128380927503433
39443,0.0112067702119337
39444,0.0077630336366101
39445,-0.0046891090259741
39446,-0.001467392809779
39447,0.013772972635495
39448,0.023974883616071
39449,0.0175041305901615
39450,-0.001037139692396
39451,0.0052674024741921
39452,-0.016476766917031
39453,-0.0330198276496025
39454,-0.0071402830537942
39455,-0.0066719723433744
39456,-0.0184255019901348
39457,-0.0066409830676843
39458,-0.0110139358838759
39459,-0.0024913676258591
39460,0.0202620941688787
39461,0.0226493119399239
39462,0.0033596930909986
39463,-0.0039458901904642
39464,-0.0036118983646605
39465,-0.0069106370819171
39466,-0.0032518497664806
39467,-0.0068163292120536
39468,0.0119795082532217
39469,0.002368922437836
39470,0.0038090586132673
39471,0.0026266082995986
39472,0.0014631040722968
39473,-0.0063760441041512
39474,-0.001168057876272
39475,-0.0001284037376387
39476,0.0267986503120361
39477,0.0496380984935069
39478,0.0252030298389648
39479,-0.0157599902832872
39480,-0.0384431510951262
39481,-0.0169287666244226
39482,-0.0144750943796218
39483,-0.0250883057724769
39484,-0.0280941419983027
39485,0.0001573453209322
39486,0.0052156724562945
39487,0.0045892997595554
39488,0.0032561486005702
39489,0.004506469533287
39490,0.0135670656182779
39491,-0.0036941734453461
39492,-0.0072049508630679
39493,0.0085665748680093
39494,0.0101923105317443
39495,0.0009269661994626
39496,0.0087563460532609
39497,0.0081164544814037
39498,-0.0033296801139305
39499,-0.0068718818080673
39500,0.0058129142537953
39501,0.0085773325582175
39502,0.0144273746011737
39503,0.0086571842365125
39504,-0.0233687104708592
39505,-0.014854991435802
39506,-0.0005186555543695
39507,0.0038016359782752
39508,-0.0018337961285836
39509,-0.0056003238740961
39510,-0.0104572200922469
39511,-0.0037082205567385
39512,0.0009132500018947
39513,0.0132034758139675
39514,0.0050677093579573
39515,0.000797439354132
39516,0.0092163486619592
39517,0.0002618618654891
39518,-0.0129909678401878
39519,-0.0119346975651066
39520,-0.0068316529647654
39521,0.0089365342517362
39522,0.011953353697889
39523,-0.0108765520122069
39524,-0.0058139711314183
39525,0.0006735145487103
39526,0.0131138034452831
39527,0.004776602651219
39528,-0.004836426380369
39529,-0.0128917976101186
39530,0.0002176558654019
39531,0.0031953668273327
39532,0.0243696196313224
39533,0.0082884708619226
39534,-0.0318661464176923
39535,-0.0642237313465204
39536,0.0054955759861654
39537,0.1418481527300358
39538,0.0986417009986033
39539,-0.0154435509164341
39540,-0.0775292331230896
39541,-0.071104958879969
39542,-0.0411691160729791
39543,0.0004882407371389
39544,0.002341850077994
39545,-0.0001864219340454
39546,-0.0141081867505887
39547,-0.011739345395122
39548,-0.0083474106584859
39549,0.0038642395610891
39550,0.0101770413539016
39551,0.0017755803860211
39552,0.0149122414238701
39553,0.0231191841922881
39554,0.0157945213798689
39555,-0.0044149048486117
39556,0.004609984068388
39557,0.0057464484400103
39558,0.0111341653179335
39559,0.0109217872757984
39560,0.0090279609712341
39561,-0.0141829877189229
39562,-0.0034173752006403
39563,-0.0081610132647354
39564,-0.0095612486752889
39565,0.0057876777657424
39566,0.0122336301047045
39567,-0.008478069760475
39568,-0.0279468364875795
39569,0.0007590693521978
39570,0.0327486511515529
39571,0.0090321928641637
39572,-0.0119738582249989
39573,-0.0105148403481207
39574,0.0069771100574934
39575,0.0158034042659149
39576,-0.0195882569585894
39577,-0.0214151543271958
39578,-0.0064963662914253
39579,0.0084343754899478
39580,-0.0190265400598362
39581,-0.0077624309655197
39582,0.0069036809874631
39583,-0.0021417685149728
39584,-0.001118344230706
39585,0.0023067995464762
39586,-0.0043764053528381
39587,0.0076426282312782
39588,0.0085724351211744
39589,0.0129825486452717
39590,0.0087741617097743
39591,0.0041015491282703
39592,0.0146643854925808
39593,-0.0068517452172802
39594,-0.0111358287470967
39595,-0.0025824349590629
39596,0.0048623486698784
39597,0.0099244840836824
39598,0.0172953588275174
39599,0.0099606991064237
39600,-0.0123675470759932
39601,-0.0197290807718156
39602,-0.0094837364540275
39603,0.0024150568074731
39604,0.0031413084994453
39605,-0.0130614915486415
39606,-0.0122662484041874
39607,-0.0169523079736743
39608,-0.0140119078980089
39609,0.0193789667894776
39610,0.0303826789590172
39611,0.0034703128386346
39612,-0.0014384566647724
39613,0.0013518108824967
39614,-0.0057449523850657
39615,-0.0039423134095668
39616,0.0160782509140425
39617,-0.0012308834619725
39618,-0.0122530844358469
39619,0.0025032418471459
39620,0.002292370978642
39621,-0.0015147670075345
39622,-0.0109671535853383
39623,0.0003983724530103
39624,0.0001137217442249
39625,-0.0036336592694766
39626,-0.004936866871002
39627,-0.0040709608284777
39628,0.0143949638595822
39629,0.015292978521791
39630,0.0085037800607546
39631,-0.0026317096847386
39632,-0.0063060147172736
39633,0.0011588507744882
39634,-0.0063674356587301
39635,-0.0126705549637795
39636,-0.0330100180815914
39637,-0.038211927036824
39638,0.0518747345197592
39639,0.1093635978267434
39640,0.0125028643083819
39641,-0.06320981934938
39642,-0.0559544361708469
39643,0.0660450693686111
39644,0.052692531478701
39645,-0.0448902416972448
39646,-0.034825583770579
39647,-0.0307100911552451
39648,0.015822756568676
39649,8.173434666165096e-05
39650,-0.0110616167897225
39651,-0.0207850773362545
39652,-0.0200748701919913
39653,0.0108727854053939
39654,0.0269082536010514
39655,-0.0008804852792131
39656,-0.0140088767641037
39657,0.0108099220866927
39658,0.0034667692525978
39659,0.0008303787628415
39660,-0.0121214639668275
39661,-0.0131849441741427
39662,0.0139214963027914
39663,0.0260775195122095
39664,0.0215544174337961
39665,0.0016529006336972
39666,0.0024512441551568
39667,0.0102878349850011
39668,-0.0068653157100249
39669,-0.0070875990619989
39670,-0.0051324412221878
39671,0.0010080514955792
39672,-0.0021541748402369
39673,0.0133419038923268
39674,-0.0022412803965322
39675,-0.0172094870971648
39676,-0.0177548504420548
39677,-0.0009613166289329
39678,0.0038697596378745
39679,0.0035165040775531
39680,-0.0132301980106939
39681,-0.006742555444144
39682,0.0203280740732315
39683,0.0201756633174575
39684,0.0152700492634857
39685,-0.0071454329248291
39686,-0.01773539364247
39687,-0.0174203194851549
39688,-0.0026899276961567
39689,-0.0045856200028301
39690,-0.003932567621419
39691,-0.008108026997919
39692,0.0063640977933623
39693,0.0047479187941927
39694,0.0167156191307425
39695,0.0048156383644101
39696,-0.0059455424278782
39697,-0.0121255918646981
39698,0.0079968538619561
39699,0.0257991652539051
39700,0.0143366373632268
39701,0.0005502686394249
39702,-0.0137475623897104
39703,-0.0058549581885199
39704,-0.0186141985013066
39705,-0.0003241364023886
39706,-0.0137156164542166
39707,-0.0149804124552756
39708,0.0022426905827368
39709,0.0114433088842691
39710,0.0264073209137977
39711,0.0089146999208435
39712,-0.0137155768414699
39713,-4.097157679385302e-05
39714,0.0074715247999278
39715,-0.0151907875808428
39716,0.0070092039911253
39717,-0.0045604847696257
39718,-0.0106153859945631
39719,0.0123742197536272
39720,0.0101621935280138
39721,0.0058231189209292
39722,-0.0107236892618492
39723,-0.001337856732599
39724,-0.0098758569330568
39725,0.0137192100998805
39726,0.0222160390851541
39727,-0.0115883982650428
39728,-0.013595787712411
39729,-0.004120940324207
39730,0.0020871255655877
39731,-0.0098540117398981
39732,0.0035292871933157
39733,9.539116275561477e-05
39734,-0.010422514633931
39735,-0.0023832774865941
39736,0.002976488081662
39737,0.0031048591243271
39738,-0.0022814873888452
39739,0.0016576903346052
39740,-0.0041055100318395
39741,-0.0119981076408909
39742,0.0089334162811357
39743,0.0143902705548882
39744,-0.003612801365666
39745,0.0218531204267356
39746,0.0209156446763184
39747,0.0234238790931209
39748,0.0205936896256232
39749,-0.0117623877933507
39750,-0.025023387557953
39751,-0.0205900201315757
39752,-0.0204952592994553
39753,-0.0215028929596669
39754,-0.0092560453004382
39755,0.001946188037543
39756,-0.0097087277411366
39757,-0.0081669938598949
39758,0.0184850932924053
39759,0.0022860758317429
39760,0.0158602537960655
39761,0.009306211731872
39762,-0.0067926421208766
39763,0.0041539905116234
39764,-0.0188130934593158
39765,-0.0172729313793429
39766,-0.0118030259175173
39767,-0.0413823163395034
39768,0.0888079218588242
39769,0.1296695435121247
39770,-0.0062822232541014
39771,-0.0222784234510181
39772,-0.0340710797354538
39773,-0.034328968485382
39774,-0.0412138651336692
39775,-0.0216492980518968
39776,0.0032891121518947
39777,0.012854372287307
39778,0.0092515226031785
39779,-0.0156631075894712
39780,-0.0201738401158606
39781,-0.0103011180596147
39782,0.0106738569850926
39783,-0.0001919907978326
39784,0.0226479748044251
39785,0.0378421118763561
39786,0.0008862935511963
39787,0.0153081359466598
39788,0.0037258608964568
39789,-0.0109586902197866
39790,-0.0074313811889332
39791,-0.0241262762211662
39792,0.0103953645933359
39793,0.0122131694335646
39794,0.0100003495439492
39795,-0.0043534664618608
39796,-0.0184116089639287
39797,-0.0164318222846081
39798,0.0101951357533699
39799,0.0053422822894979
39800,-0.010576865403803
39801,-0.0054318768603935
39802,-0.0024170758455405
39803,0.0037051557512745
39804,-0.0074447364263519
39805,0.0087003865334591
39806,0.0022382436771819
39807,-0.0041617049675865
39808,0.0057014495861143
39809,0.0034863354812211
39810,-0.0006687511745072
39811,0.0027711117898959
39812,0.0053452186414515
39813,0.0103627090516952
39814,0.0018563956319349
39815,-0.01034931214193
39816,0.0102283478082604
39817,0.0023754196668303
39818,-0.0044808347284342
39819,-0.0022838340023863
39820,0.0067917423814112
39821,0.005664712194288
39822,-0.0172757318924688
39823,-0.0008750267753044
39824,0.0006869692926167
39825,-0.0098889678143726
39826,0.0034194095733575
39827,0.000341300441373
39828,-0.012411560938886
39829,-0.0200589826196652
39830,-0.011212479641307
39831,0.0105636686997917
39832,0.0010982136195236
39833,0.0060759365234531
39834,0.0033219881146266
39835,-0.0034717217962036
39836,0.0031635040450083
39837,0.0110017269729254
39838,0.0019169546028264
39839,0.0122380106053342
39840,0.0209743628808366
39841,0.0017518252513786
39842,-0.0223245766061177
39843,-0.0184391386974649
39844,0.0365340843753368
39845,0.0212218329402852
39846,-0.0253867265904241
39847,-0.0483875620613812
39848,0.0377300500297714
39849,0.0507451526451146
39850,-0.0252558824967099
39851,-0.0126377300025386
39852,-0.0106258938478005
39853,0.0157520466670782
39854,0.0088705018170838
39855,-0.0158342210352933
39856,-0.023903380037333
39857,-0.0082756252157115
39858,-0.0045918411743115
39859,0.0050085805058319
39860,-0.0038583435457037
39861,-0.0070196366735708
39862,-0.0078764190228571
39863,-0.0039993993606383
39864,0.0128245370625084
39865,-0.0007752630895996
39866,0.0104337209162117
39867,0.0145636626308287
39868,-0.0048255088872816
39869,-0.0239993067776166
39870,-0.002967502350241
39871,0.0516439891645367
39872,0.0415609176405563
39873,-0.0128408384781439
39874,-0.0120644759158195
39875,-0.0266171540720429
39876,-0.0036847952906888
39877,-0.0070793559400612
39878,-0.0022554691999386
39879,-0.0028288140453752
39880,0.0008057697157662
39881,0.006554525936925
39882,0.0033411695260869
39883,0.0053695156715473
39884,-0.0033625605921992
39885,-0.0158641149417194
39886,-0.0514898499840036
39887,-0.0286880135236266
39888,0.0697580485492946
39889,0.0712702153866806
39890,0.0094719541736619
39891,0.0006778227546048
39892,-0.0196826712413431
39893,-0.0217449471354225
39894,-0.0340926830426528
39895,0.0022035082192686
39896,-0.0076561331563474
39897,-0.0075879427694481
39898,0.0015091000325672
39899,0.0111088957333471
39900,0.0205515386676241
39901,0.0050801523960466
39902,-0.004904091786058
39903,-0.019913018070604
39904,-0.0118637151345024
39905,-0.0051334350873323
39906,0.013811791480338
39907,0.0172139324519985
39908,-0.006768429298849
39909,1.214080169911931e-05
39910,0.0192308312014695
39911,0.0159039505275965
39912,-0.0046251189315439
39913,-0.0207734351474675
39914,-0.0127960345751463
39915,-0.0096987336719744
39916,0.0124776782423809
39917,-0.0043290659129289
39918,0.0027529548161779
39919,0.0088612717684755
39920,0.0030531931224581
39921,0.0071120659183611
39922,-0.0023033794282618
39923,0.0008315268908244
39924,-0.0090192718871716
39925,0.0005198988384828
39926,0.0048519586503954
39927,-0.005379359683402
39928,-0.0065719755399144
39929,-0.0063710625898633
39930,0.0051632219536863
39931,0.0092874915924331
39932,-0.0024348479529564
39933,-0.008647812878206
39934,-0.0042185291062617
39935,0.0047960928159935
39936,0.0218201706315592
39937,0.012627087601649
39938,-0.0042795637856216
39939,-0.0046637722897703
39940,-0.0113815019558755
39941,-0.011799001573711
39942,-0.0054197471093024
39943,-0.0042527764580653
39944,-0.0015718718873292
39945,0.0184456614118774
39946,0.0187714775914684
39947,0.0040171863048189
39948,-0.0102305193386787
39949,-0.0066911403192004
39950,-0.0177667441643666
39951,0.00147989602621
39952,0.0059199356494771
39953,0.0035063137219565
39954,0.0052593988791389
39955,-0.0213032287389243
39956,-0.0135269848108581
39957,0.0103418817988514
39958,0.0137667761172865
39959,-0.0181370052230476
39960,0.0076764013077444
39961,0.0186039731382979
39962,-0.0039403222221359
39963,-0.0080136610829854
39964,0.0020454468239964
39965,0.0070518225793539
39966,0.0013451235099479
39967,0.0022094053130798
39968,0.0054245994274343
39969,-0.0032985389070173
39970,-0.0088913952495575
39971,0.000384840506371
39972,0.0078223859640776
39973,0.0255715943033354
39974,0.0049380388340841
39975,-0.0255846855129653
39976,-0.0050122584663926
39977,0.0303032028722694
39978,0.0147792731914326
39979,-0.0087055096129797
39980,-0.0237766071526434
39981,-0.0220595040472003
39982,-0.0149953627660987
39983,-0.018109775176154
39984,-0.0137097794519097
39985,-0.0004279974494718
39986,0.0074934416660944
39987,0.0079616159353933
39988,0.0170326996368737
39989,0.0034899643672074
39990,0.01285469472241
39991,0.0075333769457932
39992,-0.0053548551157558
39993,0.0030264869983457
39994,-0.004269821233692
39995,-0.0038922022857694
39996,6.303604405466165e-05
39997,-0.002107593965654
39998,0.0070101593779647
39999,0.00994116715362
40000,-0.003087507635672
40001,0.0037101919955806
40002,-0.0006715055995948
40003,0.0019759607084881
40004,0.0162557533632643
40005,0.0030622134096923
40006,-0.0104448347258761
40007,-0.002301263675936
40008,0.0139158650324035
40009,-0.0006410337065597
40010,-0.004395920430048
40011,-0.0015837375620433
40012,-0.0023479066838963
40013,-0.0048785800281315
40014,-0.0149129070622679
40015,-0.0160355646266842
40016,-0.0174655451537948
40017,-0.0086085735124563
40018,0.0027727969645895
40019,0.0027738530913992
40020,0.0055435925336608
40021,0.0015935251942378
40022,0.0066121419725288
40023,0.0168142767498227
40024,-0.0088015016568968
40025,0.0006511712482493
40026,-0.0337241750621762
40027,-0.0284088252064924
40028,0.0633470463997613
40029,0.0736035000705427
40030,0.00340409699664
40031,-0.0303045463436717
40032,-0.0226927130088358
40033,-0.0253359663466242
40034,0.0117962635656752
40035,0.010371674881788
40036,-0.0050908796534001
40037,-0.0040889157403607
40038,-0.0094611723330866
40039,-0.0209327965037033
40040,-0.0031598377768175
40041,0.0198835537870088
40042,-0.0134157400654901
40043,0.0272970455255191
40044,0.0634458003435013
40045,0.0135570607134116
40046,-0.0141196011072204
40047,-0.0282618406866633
40048,-0.0186928483838048
40049,-0.0148008944605743
40050,-0.0118336745380577
40051,-0.0101520130788106
40052,0.0004532430257358
40053,-0.0042685249751317
40054,-0.0114608373365506
40055,0.00132473538823
40056,-0.0039232401189604
40057,0.0023414629652897
40058,-0.0055297184572329
40059,-0.0073107139591486
40060,-0.0009405247926004
40061,0.0285700870015231
40062,0.0172830805911213
40063,0.0109650853830493
40064,0.0086000670471328
40065,-0.0063759284962288
40066,0.0244114872789985
40067,0.0083540221157401
40068,-0.0009455070062411
40069,-0.0054006067440114
40070,-0.0066461528434825
40071,0.0042401630966831
40072,-0.0011703048077524
40073,-0.0131493161656546
40074,-0.0223081112540724
40075,-0.0086932483638841
40076,0.0114333767876179
40077,0.0148748896160372
40078,-0.0122662985369031
40079,-0.0104163962241112
40080,-0.0155929936045582
40081,-0.0066788598121836
40082,-0.0026594434215147
40083,0.000685980832685
40084,0.0001692045540277
40085,-0.0110193539467398
40086,0.017358656738961
40087,0.0245424806211624
40088,0.0180042628322563
40089,-0.0034058364914902
40090,-0.0101409832738523
40091,-0.0034480540083881
40092,-0.0019622341741267
40093,-0.0031940087111659
40094,-0.0017928769959431
40095,0.0179418638720932
40096,0.0078111543237173
40097,0.0082793614923468
40098,0.0019850505880006
40099,-0.0165286117199233
40100,0.0004873409812853
40101,-0.0017993312190751
40102,-0.0127297476938811
40103,-0.0111468283900324
40104,-0.0002562161676412
40105,0.001267376235173
40106,0.0031712125705168
40107,-0.0042224304766301
40108,0.0072893342927317
40109,0.0046478422502849
40110,-0.0061329584138998
40111,-0.0017768444763238
40112,0.0045396400751356
40113,-0.0030222419196937
40114,0.0092876092367679
40115,-0.0036317007022772
40116,-0.0146226971620897
40117,0.0036734184521645
40118,0.0048069870901485
40119,-0.0031948273279839
40120,0.0097568469642243
40121,0.0115906578942739
40122,-0.0001228674577518
40123,0.0018135891308554
40124,-0.002761340104824
40125,-0.00087816720444
40126,-0.0105902481950183
40127,-0.0055576068500689
40128,-0.0099488493104092
40129,0.0252957113443609
40130,0.0138594122012796
40131,-0.0021352543972805
40132,-0.0114154752287027
40133,-0.0094113746575309
40134,-0.0121780105072312
40135,-0.0064037409204118
40136,-0.0075696308986874
40137,-0.0078853692929503
40138,0.0154519083979486
40139,-0.0221802240031603
40140,-0.004319023479132
40141,0.0915658496793188
40142,0.0501862288528895
40143,-0.0300185160394313
40144,-0.0279124650984491
40145,-0.0292982630570022
40146,-0.0116913333635812
40147,-0.0181161286273725
40148,0.007649820126731
40149,0.0027190379052649
40150,-0.0077174829398311
40151,-0.0105187997073296
40152,0.0146382987742147
40153,0.0170798998988253
40154,-0.0038900555472136
40155,0.0023014387119535
40156,-0.0095111728626286
40157,-0.0089248049062817
40158,0.0041305141682637
40159,0.0134672956818856
40160,-0.0005661000611825
40161,-0.0020409849733054
40162,0.0005314923043745
40163,-0.0138024640894593
40164,0.0003147537697502
40165,0.0281453737974903
40166,0.012181069169031
40167,-0.0069034722772177
40168,-0.0427294840478892
40169,8.689233022125993e-05
40170,0.041039624075956
40171,-0.003284851905646
40172,0.0150255355437816
40173,0.0138450221776843
40174,-0.0075088480120971
40175,-0.013050530295763
40176,-0.0296263248310663
40177,-0.0509393528116298
40178,-0.0191145077125615
40179,0.0554770179237595
40180,0.0469244081271522
40181,0.0119198469951844
40182,-0.005599535761432
40183,-0.0092177775758282
40184,0.0040279980354836
40185,-0.0083887336678627
40186,-0.0169641369396511
40187,-0.0116697396171197
40188,-0.0035994328647761
40189,-0.0072152436427459
40190,-0.0072099882794366
40191,-0.0003487157026962
40192,0.0082455812232217
40193,0.0025952312676221
40194,-0.0144383291759082
40195,-0.0047512991337043
40196,0.0278574000756709
40197,0.0299749844729466
40198,0.0114667278089945
40199,-0.0027586748380535
40200,0.0071905742732602
40201,0.0032685848436548
40202,-0.0269358276013931
40203,-0.0006583487234594
40204,0.0121736418548284
40205,0.0053190030034405
40206,-0.0078864857138091
40207,-0.0031929131470814
40208,-0.0209707457298387
40209,-0.0169000407591052
40210,-0.0018939467634618
40211,0.0030112309048503
40212,0.0048541932969915
40213,-0.0105739769430866
40214,0.0002338635735374
40215,-0.0080012496646348
40216,-0.0167577034767953
40217,0.0154016771501595
40218,0.0173349926333632
40219,0.0020698960129183
40220,0.0125347153587479
40221,0.0130930304152609
40222,0.0115269186304821
40223,0.0020427518583227
40224,-0.0019481994378236
40225,-0.0214098962183133
40226,-0.0105984198205244
40227,0.0009703490454677
40228,-0.0029102639022597
40229,0.0074341653591855
40230,0.0391022764236418
40231,0.0317711068993914
40232,-0.0026160432695164
40233,-0.0078735627656996
40234,-0.010699475619342
40235,-0.0222799905991673
40236,-0.0213038061146491
40237,-0.0224750931768634
40238,-0.0131536456310709
40239,-0.0181784041008807
40240,-0.0123449728911268
40241,0.0114734627295274
40242,0.0049123939946905
40243,0.0131784816330109
40244,0.0152688133175802
40245,0.0001939297666176
40246,-0.0032360320830655
40247,0.0137642391551451
40248,0.0165127551315385
40249,0.0008339776570898
40250,0.0039581715808392
40251,0.0105802163581539
40252,0.0091078212656167
40253,0.0011716840853981
40254,-0.0127178101485773
40255,-0.0113881459303837
40256,-0.0071185003385187
40257,0.0133653834436695
40258,-0.045848170563841
40259,-0.0373407067176814
40260,0.0902682955207081
40261,0.05357031390073
40262,-0.0306747890147921
40263,-0.0046056269666633
40264,0.0022846183648957
40265,-0.0135119542844506
40266,-0.0312707167172086
40267,-0.0175270475336523
40268,0.0033710311855614
40269,-0.0097146613660869
40270,-0.006695401309718
40271,0.0061385691308099
40272,0.002347494651479
40273,-0.0074177311911907
40274,-0.0119413388791841
40275,0.0163179246697989
40276,0.015617051478853
40277,0.0076509592005017
40278,0.0115197154239561
40279,-0.0028537761121703
40280,-0.0095750843912864
40281,-0.0104656482872111
40282,0.0166587708616437
40283,0.0100906053344773
40284,-0.0040861334600434
40285,-0.0139293865212719
40286,-0.0182747576484809
40287,-0.0011241867614499
40288,0.0294942111015396
40289,0.0061532652333714
40290,0.0023953396146864
40291,0.0078815016363741
40292,-0.0056190659155776
40293,-0.012329671778246
40294,-0.0049773426781023
40295,0.0115250946602295
40296,0.0007888444133562
40297,-0.0060854629985357
40298,0.0090072341795545
40299,0.0255840777580881
40300,-0.0102493228134826
40301,-0.0118366153556954
40302,-0.0003138434905298
40303,-0.013856236786204
40304,-0.0152224368507546
40305,-0.0110308161584704
40306,-0.0081614639538328
40307,0.0017567724061413
40308,0.0100776580547923
40309,0.0046232290528753
40310,0.0017701416743055
40311,-0.0006385821333889
40312,0.0003555349400391
40313,-0.000339980307974
40314,0.0045187851920256
40315,0.0043865488141917
40316,0.0100910260967628
40317,0.0009373689937282
40318,-0.0202101629377298
40319,-0.0068639863998665
40320,0.0211726609066868
40321,0.0257104601999159
40322,-0.0079033980508182
40323,0.0031973000908026
40324,0.0314545199820576
40325,0.0182376892889649
40326,-0.0026837515837042
40327,-0.0199226244522117
40328,-0.0245153208610491
40329,-0.0208224477692591
40330,-0.0286730614818881
40331,-0.016285019089421
40332,-0.0091004046383043
40333,-0.0043739025439978
40334,0.005174660440913
40335,0.0159012095518698
40336,-0.0184631570359764
40337,0.0108209212882315
40338,0.077670283008742
40339,0.0287810327101113
40340,-0.0192550588096992
40341,-0.027176695400967
40342,-0.0152695237875057
40343,-0.0075019938024844
40344,-0.0070333998418355
40345,-0.0055397425627865
40346,-0.0124310430307598
40347,-0.0021913738523998
40348,0.0192996410132689
40349,0.0044464663821192
40350,0.0068984721500204
40351,-0.001296035817361
40352,0.0001659056966955
40353,0.0080003434119713
40354,0.0116329628009259
40355,0.0010061832830362
40356,-0.0004846608780624
40357,-0.0088573305384444
40358,-0.0103595412217321
40359,0.0136221040174889
40360,-0.0022204807036119
40361,-0.0005668795486678
40362,0.0072121421052462
40363,0.0025322075643118
40364,-0.005903778446792
40365,-0.0070064946545854
40366,-0.0041644400488017
40367,-0.0061293231947433
40368,-0.009225454198063
40369,0.0007214255452548
40370,0.0031057750200815
40371,-0.001108472808448
40372,7.899316314165586e-05
40373,0.0053653669787135
40374,-0.001844935740453
40375,0.0035340914209257
40376,0.0021551352191624
40377,0.0039773879929532
40378,0.0081381127288811
40379,-0.0063965873950823
40380,-0.011946171003636
40381,-0.0176691986643646
40382,0.0067664901709015
40383,0.0216403209846196
40384,0.0140498418717073
40385,0.0070212733107557
40386,-0.0094004121205374
40387,0.0066464462733355
40388,0.002309595846009
40389,-0.0074248014437206
40390,-0.0051124765550734
40391,-0.0040841100892516
40392,-0.0037134187189444
40393,-0.0110290513792791
40394,-0.0059777558612337
40395,-0.0076332118244145
40396,0.0101618609066504
40397,0.0077233067237452
40398,0.001805107006516
40399,-0.0079582613800273
40400,-0.0147622146190846
40401,-0.0077266628760474
40402,0.0052692799670036
40403,0.0133872030543347
40404,0.0062707994859398
40405,0.003726736257424
40406,0.0041012519417412
40407,0.0052324238404214
40408,0.0020305072746546
40409,0.0028655679587289
40410,-0.0062083463988064
40411,-0.0048449891014324
40412,0.0049506372373532
40413,0.0025304566020665
40414,0.0022624685355174
40415,-0.0055424747296625
40416,-0.0056145980400669
40417,0.012383535468443
40418,-0.0057754936734758
40419,0.0124615933022073
40420,0.0168164444240902
40421,-0.0082644775910982
40422,0.0013193494981509
40423,-0.0104467409284613
40424,-0.0178691116472567
40425,-0.0149609363981521
40426,0.0192729605658434
40427,0.0092635703087977
40428,-0.0083675723737104
40429,-0.0010330978651186
40430,-0.0113941068966943
40431,-0.0119936346695863
40432,-0.0141229770468173
40433,0.001765954249687
40434,0.0047748523251452
40435,-0.0057382814905806
40436,-0.0030908740163366
40437,0.0155961120923107
40438,0.0104660734674981
40439,-0.004117057556386
40440,0.015063852334582
40441,0.0154782068202216
40442,0.0106459205916193
40443,0.0152690021192041
40444,-0.0082983490993892
40445,-0.0070439727180472
40446,-0.0041506179786682
40447,-0.0109491781342742
40448,-0.0168242847888603
40449,-0.0142446739565877
40450,-0.010078156817088
40451,-0.0061336089786936
40452,0.0248863245960501
40453,0.0277818373529274
40454,0.0033039978299765
40455,0.0023645916461045
40456,-0.0070101452047454
40457,-0.016984799062704
40458,-0.0091310206925645
40459,0.0083102422940261
40460,0.0144281258154494
40461,0.0013995471690564
40462,0.0012432080656227
40463,-0.0177249152054837
40464,-0.0082510091894354
40465,0.0015895178076689
40466,-0.0036088418066265
40467,-0.0001425653751493
40468,0.0064299420900369
40469,-0.0060056391963609
40470,-0.0068045166925418
40471,0.007243912590653
40472,0.0117988317236804
40473,0.0180222989088925
40474,0.0038904146054238
40475,-0.0044946351344078
40476,-0.0063645898805362
40477,-0.0008439978038475
40478,-0.0130406187829339
40479,-0.004787519934856
40480,0.0044724389563056
40481,0.004121265685303
40482,-0.0016581424390674
40483,-0.0075281678413922
40484,0.008077876157168
40485,-0.001642328869741
40486,0.0046045805595069
40487,0.0150414035039865
40488,0.0113871290178568
40489,-0.014407436194306
40490,-0.0146604276736589
40491,0.0001964091398324
40492,0.0053154357522557
40493,-0.0120117883496528
40494,-0.0026141053688737
40495,0.0095882056455449
40496,-0.0124050051361804
40497,-0.0001343718865837
40498,0.0035679976494818
40499,0.0033145759922139
40500,-0.0005692758704991
40501,0.0004608536709101
40502,-0.0044540991024744
40503,0.0041619014638336
40504,-0.0034918101616271
40505,-0.0011120733777331
40506,0.0118214313794711
40507,0.0019229791657838
40508,-0.0074587613054221
40509,-0.0020883459378326
40510,0.0073426030604626
40511,0.006437027680405
40512,0.0059288072216274
40513,0.0091503764702909
40514,0.0032939920953867
40515,-0.0006949591012843
40516,-0.0008183850858392
40517,-0.0126685834792781
40518,-0.0109241831080851
40519,-0.0044410711014165
40520,-0.0054172508768671
40521,0.0070503433996568
40522,0.0018408859786067
40523,-0.0115542707295476
40524,-0.0065363268318395
40525,-0.0065150597884911
40526,0.0246883451919944
40527,0.0146641706193685
40528,0.0023645782249958
40529,-0.0011406998598754
40530,-0.0221178472430851
40531,0.0070467783555125
40532,0.004648864991158
40533,-0.0033063208532644
40534,-0.0136076356636705
40535,-0.0084827992468262
40536,0.0145608277265319
40537,-0.0206727293253983
40538,-0.0055063389270572
40539,0.0082860881926483
40540,0.0133343625794182
40541,0.0090037386178845
40542,0.0245541616423922
40543,0.0173599975145648
40544,-0.0122151881886964
40545,-0.0040338942929195
40546,-0.021036622089232
40547,-0.0082270518096867
40548,-0.0123316612254869
40549,-0.0041023275575769
40550,0.0035111405559301
40551,0.0114962873821605
40552,0.0052761741458225
40553,0.0012885324464066
40554,0.0037547687640781
40555,-0.001895197541984
40556,-0.0017479914955536
40557,0.0016793092346294
40558,0.0046472996463277
40559,0.0113830962682463
40560,0.0057635709087471
40561,-0.0136700304571228
40562,-0.0086248403413621
40563,-0.0115586492745038
40564,0.0131670424436139
40565,0.0120576517739315
40566,0.0059643154870205
40567,0.001177752815312
40568,-0.0189659247239004
40569,-0.0159287518359478
40570,-0.0106810949747244
40571,0.0056121887571694
40572,0.0098819044851776
40573,0.0071730299771066
40574,-0.0021151655083892
40575,-0.0082011753760142
40576,0.0005452463556049
40577,-0.0031216304394698
40578,-0.0002788038690332
40579,0.0115939690874222
40580,-0.0039815837604124
40581,-0.0049999152448985
40582,0.0054325092504161
40583,0.0207222766349807
40584,0.020257038486555
40585,0.0004825530889421
40586,-0.0069073220815574
40587,-0.0221425933216251
40588,0.0006131736750156
40589,-0.0011692412435719
40590,-0.0152610147786424
40591,-0.0136776690655655
40592,0.0012676958406383
40593,0.0111977971349454
40594,-0.0036580185291202
40595,-0.0112232185447619
40596,0.008051928130228
40597,0.0129079021275182
40598,0.0040041140736319
40599,0.000533906604702
40600,-0.0002323224000401
40601,-0.0007122576319142
40602,0.0134947823644562
40603,0.0019455321727638
40604,-0.0074317261918414
40605,0.0089480693170584
40606,-0.0110785337917057
40607,-0.006478114074874
40608,-0.0009781856112529
40609,0.0044913808473324
40610,-0.0011956791161036
40611,0.0046906915576257
40612,-0.0058900529836242
40613,-9.312429912903576e-05
40614,-0.0001061394226334
40615,-0.0006663971702251
40616,0.0029830159796017
40617,-0.001327526585628
40618,0.0086765934034725
40619,-0.0001794095718012
40620,0.0007894390153012
40621,-0.0062376951293021
40622,-0.0117862348612887
40623,-0.004687902213788
40624,-0.0021614170092238
40625,-0.0033007458139792
40626,0.0012700546434831
40627,0.004868409989258
40628,0.000299477127991
40629,-0.0027410917581583
40630,-0.0170745588982778
40631,-0.0596088450044505
40632,0.0097982158603888
40633,0.1025849745564648
40634,0.0599536425871863
40635,0.0442982481850744
40636,0.0220163512309961
40637,-0.0281540893315601
40638,-0.0411044390079123
40639,-0.038826504161479
40640,-0.0335172741374559
40641,-0.0355303783990472
40642,-0.0206364735948327
40643,-0.0182875446784963
40644,-0.0030620320897652
40645,-0.0037746896327252
40646,0.0027060650827476
40647,-0.0011567593273176
40648,0.0203766251742474
40649,0.0340772644465805
40650,0.0141469968619293
40651,-0.0008461386018979
40652,0.0021160734451509
40653,0.0371224437227309
40654,0.0164049408795404
40655,-0.0088658076936848
40656,-0.0108919153974275
40657,-0.0175673942559091
40658,-0.0217423199638863
40659,0.0029573851686184
40660,0.0181164545849494
40661,0.011651781735942
40662,0.004119008956645
40663,-0.0017663469804218
40664,-0.0078481050801191
40665,-0.012178020668968
40666,-0.0139225467842697
40667,0.0013374166884547
40668,0.007142737755333
40669,-0.0072813337904593
40670,-0.0164244349161346
40671,-0.0101067825949557
40672,0.0030415446876071
40673,0.0144523865466444
40674,0.0175180352345564
40675,0.0272185226532257
40676,0.0060459457626969
40677,-0.0231805794909407
40678,-0.0083344115061035
40679,0.0195672198999856
40680,0.01145245248304
40681,-0.0191107394185111
40682,-0.0096618700341845
40683,-0.0135927351058142
40684,-0.0115338932941642
40685,-0.0144081065804299
40686,-0.0069940358096159
40687,0.0335484872225521
40688,0.0219136885365884
40689,-0.0028438931061082
40690,0.0008479033294108
40691,-0.0195016890972736
40692,-0.0056816531589275
40693,-0.0010236735052939
40694,0.0047138982289217
40695,-0.0010209934291985
40696,-0.0042429978558963
40697,0.0049645337753772
40698,-0.0015760085073994
40699,-0.0014048904713511
40700,0.0029686628855828
40701,0.0071168405142086
40702,-0.0049154978635158
40703,0.0022833164686149
40704,0.0126242833847847
40705,0.0138744878440316
40706,0.0018177560681826
40707,-0.0005052819717627
40708,-0.0147603969622532
40709,-0.0084217970743166
40710,0.0027654631654773
40711,0.0171054498667438
40712,0.0174153171580206
40713,0.0019392654057446
40714,-0.0009671972956345
40715,-0.0104033937755971
40716,-0.0209597602145595
40717,-0.0222614604397115
40718,-0.0189646315877026
40719,0.0172087046122091
40720,0.0208700585771493
40721,-0.0009593926978015
40722,-0.0180249202094554
40723,-0.0157157743909283
40724,-0.0408427012155235
40725,0.0063864221108565
40726,0.1079861591808186
40727,0.0319558751897393
40728,-0.020564265231657
40729,-0.025774444720149
40730,-0.0346478117099906
40731,-0.0276486244979961
40732,0.0130571194189644
40733,0.0161089249330008
40734,-0.0158519892707307
40735,-0.0114507236387013
40736,-0.0022530415939443
40737,0.0288375811869739
40738,0.0175125221877615
40739,0.0015585850717285
40740,-0.0012263347893579
40741,-9.427749833116653e-05
40742,-0.0125726092193614
40743,-0.0065657750398968
40744,0.0006284254133843
40745,-0.0003635951933274
40746,-0.0040979902775153
40747,-0.0077983030874815
40748,-0.0132223019531036
40749,0.0163172432021313
40750,0.0395116749525281
40751,0.0092379436557221
40752,0.0113920135311036
40753,-0.0002065480505523
40754,-0.0116184555558028
40755,-0.0063055439705463
40756,-0.0032144748436015
40757,-0.0161829459773666
40758,-0.0089195689728706
40759,-0.0066242521270825
40760,0.0029504356807876
40761,-0.0037727358264746
40762,-0.0073758566974214
40763,0.00178674614719
40764,0.0088178969886385
40765,0.0032012614519427
40766,0.0083397283728405
40767,-0.0014037108652857
40768,-0.0269378795120288
40769,-0.017712461013251
40770,0.0344440573645435
40771,0.0379854959171017
40772,0.015266313239165
40773,0.0026479146895639
40774,-0.0233712665791607
40775,-0.0240389180488294
40776,-0.0321205595398201
40777,-0.0039145286486262
40778,1.0047724079784851e-06
40779,0.0146346145029591
40780,0.0170421435988248
40781,0.0018669817916691
40782,-0.0080693266701103
40783,-0.0207258627779349
40784,0.0016589534765036
40785,0.0010484596408787
40786,-0.0055946712430392
40787,0.0178699578677848
40788,0.0109434804054598
40789,0.0109939868957329
40790,0.003939899355342
40791,-0.0008095473368935
40792,0.0027952368689478
40793,0.0067168980792826
40794,0.000821354670901
40795,-8.923598406173835e-05
40796,-0.0024720039419331
40797,-0.0014588238629804
40798,0.0029003110209094
40799,0.0037718322291087
40800,-0.002604522946379
40801,-0.0058742024827419
40802,-0.002220041787542
40803,-0.0035023985786233
40804,0.0025682505284247
40805,-0.0072176579417719
40806,-0.0042107400582316
40807,-0.0008683085111273
40808,-0.0050359554835641
40809,-0.010963261748989
40810,0.0011884857013062
40811,0.0058862831095787
40812,-0.0014187933493207
40813,7.915281554838477e-05
40814,0.0093561571610304
40815,-0.0038172227894154
40816,8.855548103901042e-05
40817,-0.0022118008032522
40818,-0.006657550914153
40819,-3.7088709549965015e-05
40820,0.0025480532162073
40821,-0.0014536833126697
40822,0.0026408382958575
40823,0.0006492047231815
40824,0.0023479074481321
40825,-0.0025674726853246
40826,-0.0044017655414103
40827,0.0064317073514288
40828,0.0104482187325671
40829,0.0132758207509173
40830,0.0013435584456189
40831,-0.0100072777743701
40832,-0.0063664998867252
40833,-0.0010360417247779
40834,-0.0073705385059176
40835,-0.0024755045588418
40836,-0.0084128234375933
40837,0.0206433933055638
40838,0.0287027895764004
40839,0.0045327642837395
40840,0.0084959638021973
40841,-0.0089060773728624
40842,-0.0118732738099416
40843,-0.0108405832369257
40844,-0.0155906251260903
40845,-0.0002421253291188
40846,0.0113280494094062
40847,0.0028003245112582
40848,-0.0162577238055082
40849,-0.0074421913794319
40850,-0.0082235458762299
40851,0.0002006620914121
40852,0.0061063923183225
40853,-0.0012876986706578
40854,-0.0030244340834355
40855,0.0037974627549085
40856,-0.0114729127875469
40857,0.0117040407640075
40858,0.010766730021371
40859,-0.0014595631100321
40860,0.0077918477205034
40861,-0.0011944070410689
40862,0.0030730377785415
40863,-0.0052935402088049
40864,-0.0058205767007973
40865,0.0034721562886027
40866,0.008427909526083
40867,0.0104876651795023
40868,0.0131259355108374
40869,-0.0027490055863186
40870,-0.0043955074506488
40871,-0.0060278571101861
40872,-0.003333862396185
40873,-0.0114661527086978
40874,0.0028397698659078
40875,0.005157058988301
40876,0.0016425148701784
40877,-0.0079432257818362
40878,-0.0141745641332213
40879,-0.0023786523096779
40880,0.0005514822630148
40881,0.0025314766257088
40882,0.0008214299863125
40883,0.0115476989763317
40884,-0.0023877167170357
40885,-0.0058302401249158
40886,-0.0088527921786122
40887,0.0078186771988507
40888,0.013437183263056
40889,-0.0021559770515689
40890,0.0027108717427348
40891,-0.0085866192589691
40892,0.0022357238778279
40893,0.0099163993161261
40894,0.0022096293429012
40895,-0.0053614361801253
40896,-0.0017953254688341
40897,0.0084129891047449
40898,0.0152317158182437
40899,0.0025999508501957
40900,-0.0155456046463527
40901,-0.0190478349635853
40902,-0.0151311070279044
40903,-0.0121541402231007
40904,-0.0072450500687498
40905,-0.0036207700810471
40906,-0.0014530103841459
40907,-0.0022153896860988
40908,0.000699857592365
40909,0.0316610553184838
40910,0.0396328696024679
40911,0.0346512191304762
40912,0.0024221679493972
40913,-0.0095475994588697
40914,-0.0124958669680386
40915,-0.020718395638637
40916,-0.0192174419762354
40917,-0.0017873306885881
40918,-0.0001611442849512
40919,-0.0069524985280165
40920,0.0077728556039253
40921,-0.0025294711539597
40922,-0.009957161212288
40923,-0.0163028996225724
40924,0.0074465396156731
40925,0.0238196457003596
40926,0.0070762507453358
40927,-0.0012149885903955
40928,0.0024855296293318
40929,-0.0022783952059481
40930,-0.0070758880810518
40931,-0.008439390246849
40932,-0.0188241577262929
40933,-0.0103584110933889
40934,0.0293276001207502
40935,0.0161031730426944
40936,-0.0035478589377199
40937,-0.0185705511366971
40938,0.0105858252734317
40939,0.0316915001008408
40940,-0.0048701024035246
40941,0.0001790377752448
40942,-0.0151300653804114
40943,-0.0145894133115666
40944,-0.0162415591732983
40945,0.0085363484086152
40946,0.0116388792638803
40947,-0.0015709439304914
40948,-0.0003872111794534
40949,-0.0145978845864035
40950,0.0022745438369648
40951,0.0219767133433592
40952,0.0047585993518645
40953,-0.0114148811557981
40954,-0.0013501061231369
40955,0.0058240807077788
40956,0.0013711002071567
40957,-0.0005218806848072
40958,-0.0016649863508729
40959,-0.0057593915828263
40960,0.0022324055244479
40961,0.003470955599877
40962,0.0008405596868343
40963,-0.0128586547941654
40964,-0.007349027508533
40965,0.0115520405460706
40966,0.010627481190679
40967,-0.0023355294612585
40968,-0.0038947963981745
40969,-0.0078085307891661
40970,-0.011848156910678
40971,0.016880211308494
40972,0.018065272618568
40973,0.0054915251808734
40974,-0.0037794910387924
40975,-0.0226458970698092
40976,0.0043626924171201
40977,0.0048116598204798
40978,0.0079515538501141
40979,0.0033972645564947
40980,-0.0056787737753243
40981,-0.0127621979510482
40982,-0.001259806240683
40983,0.0061065329888391
40984,-0.0116787315676121
40985,-0.0066701940707808
40986,0.0020808388890652
40987,0.0034933688104419
40988,-0.0121819113765591
40989,0.0031855866210335
40990,0.0147111850524042
40991,0.0074740829243566
40992,-0.0063638160178579
40993,-0.0011750738174741
40994,0.0165085807206508
40995,0.006213614197218
40996,-0.005193072133763
40997,-0.0033647157692237
40998,-0.0056264736429254
40999,-0.0005560727482769
41000,-0.005099710673298
41001,0.0146349493625948
41002,0.0011534352156352
41003,-0.0036072967788117
41004,0.0006415524759641
41005,-0.0012303834719694
41006,7.601957521594788e-05
41007,-0.0047543091617108
41008,0.0023593374281952
41009,-0.0062750924735626
41010,-0.010059711529592
41011,-0.0003387285909334
41012,0.0056725517417993
41013,-0.0029749645039235
41014,0.0129828630062073
41015,-0.0048337104496163
41016,-0.0078357261461736
41017,0.0124574925096235
41018,0.0040124667688319
41019,-0.0046298468881509
41020,0.0034306333837267
41021,0.0030781617461258
41022,-0.0140737615758311
41023,-0.0056232269007004
41024,-0.0015205465883156
41025,0.0061831423771871
41026,0.010906254831136
41027,-0.0061331228963223
41028,-0.013050623148994
41029,-0.0001590002053
41030,0.0042632934225654
41031,-0.0071756091384961
41032,0.0042314844436704
41033,-0.0002855870837041
41034,0.0101650075957471
41035,0.0004179073379123
41036,0.002317404061429
41037,-0.0054495623804596
41038,-0.0283560633383119
41039,0.016580265771284
41040,0.0384341311822078
41041,0.0145867225741992
41042,-0.0148733630008337
41043,-0.0059666917288092
41044,-0.0040554490255059
41045,-0.0070201948751753
41046,-0.0113365455091348
41047,-0.0122400918104944
41048,-0.005072128666498
41049,0.0033094526279341
41050,0.0119453425219936
41051,0.0047928918799229
41052,0.0227607478248954
41053,0.009671039427078
41054,-0.0220061282853908
41055,-0.0132483081192937
41056,0.0018744959876381
41057,-0.0012142742932082
41058,0.0038193173421672
41059,0.0070517895016838
41060,-0.0012602094112804
41061,0.0147130750770598
41062,0.0196647331933788
41063,-0.0026233736571865
41064,-0.0226490168464766
41065,-0.0170038557186558
41066,-0.0092401426425692
41067,-0.010343288362584
41068,-0.000644855609718
41069,0.0059631968558021
41070,0.0074322455690784
41071,-0.007611348885095
41072,0.0003975348136545
41073,0.0103945420044086
41074,0.0023270133441186
41075,0.0064145745691807
41076,-0.0016185154188367
41077,-0.0029644247727781
41078,-0.0047626539620439
41079,0.0025051441718738
41080,0.0077805305147085
41081,0.001565674308419
41082,-0.0030510967526814
41083,-0.0073427045847348
41084,0.0132961258599675
41085,0.0194670468625488
41086,-0.0084528700714344
41087,-0.0098253026706615
41088,-0.002486189917025
41089,-0.0051281672226541
41090,-0.0127072953292816
41091,0.0083071992979039
41092,0.010426433018624
41093,0.009311629610214
41094,-0.0007496520768293
41095,-0.0141198649548487
41096,-0.0087099481159097
41097,-0.0068563356208558
41098,0.0025702178548179
41099,0.0085320792582871
41100,1.6916723489203075e-05
41101,0.0035755977827143
41102,0.0058404690977793
41103,-0.0070606114463747
41104,0.0020534656047736
41105,0.0023375691137617
41106,0.0082042961401411
41107,-0.012371342367423
41108,-0.0090420697336187
41109,0.0064526193910534
41110,0.0096389413644926
41111,0.004136182245046
41112,0.0057005222457513
41113,0.015375112791629
41114,-0.001528217859476
41115,-0.0336901264151253
41116,-0.0256244376676873
41117,0.0090321548902642
41118,0.0137588908246275
41119,0.0013045333926729
41120,-0.0090154464268143
41121,-0.0253957706325408
41122,0.0070756850883018
41123,0.0239292328098092
41124,0.0036059364810106
41125,-0.0068310180307536
41126,0.0125750449915482
41127,0.009951048087349
41128,-0.000245737324614
41129,0.0017280058159163
41130,-0.0132855954764658
41131,-0.0078021444439778
41132,-0.0030534942557163
41133,0.0158301158117942
41134,0.0050092696171583
41135,0.0107012134227505
41136,-0.0080311295051079
41137,-0.0063322979765271
41138,0.0038041052088517
41139,0.0121325536822743
41140,0.0071204877467476
41141,-0.0112779595586831
41142,-0.020234797723379
41143,-0.0120588052443555
41144,0.0199360177298582
41145,0.0222018434949478
41146,0.0038194545795589
41147,-0.0119189429572043
41148,-0.0007307985661818
41149,-0.0092194244136333
41150,-0.0188487254197926
41151,-0.0090999940120882
41152,-0.0015715760575334
41153,-0.0103366583875476
41154,-0.0096054841755602
41155,-0.0096246936455408
41156,0.0098213473281953
41157,0.0347488212860263
41158,0.016529594147873
41159,0.0093648951278316
41160,0.0088983871265216
41161,-0.0075352111293055
41162,0.0065968617714041
41163,0.0137681234914916
41164,-0.005293847706905
41165,-0.0118678940724354
41166,-0.0271723506274355
41167,-0.0227633220403926
41168,-0.0068098226817882
41169,4.988785380947124e-05
41170,-0.0028631327431284
41171,-0.0014569173778131
41172,0.0007743825777758
41173,0.0122298457291233
41174,0.0178182771865307
41175,0.0088488937461669
41176,0.012124004329501
41177,-0.0081163332239814
41178,-0.0004646486631826
41179,0.0058218231473216
41180,0.0078221499924051
41181,0.0038934899874639
41182,-0.0080344525640035
41183,-0.0125464586552291
41184,-0.0245124397885386
41185,-0.0027243664226941
41186,0.0120499259236336
41187,0.0116207633828633
41188,0.002304015273123
41189,0.0037613148746754
41190,-0.0025559698521727
41191,-0.0072137999411111
41192,0.0011116186011974
41193,0.0108199453385471
41194,0.0416315635809909
41195,0.0083873499446236
41196,-0.0099902469279372
41197,-0.0123597609208366
41198,-0.0267589842051054
41199,-0.0123254463456566
41200,-0.0079832948384082
41201,-0.0065116516856226
41202,-0.0040560696504597
41203,-0.0022432260115272
41204,-0.0123993998540668
41205,-0.006981501472306
41206,0.0095990981132421
41207,0.0203232584466203
41208,0.0080332487467711
41209,-0.0009993776305265
41210,-0.0059632099969013
41211,-0.0144345515571641
41212,0.0014842623927021
41213,0.0243387402537405
41214,0.0402122220932369
41215,0.0035705378080417
41216,-0.0147429152434426
41217,-0.0063929214477922
41218,-0.0056373099737811
41219,0.0070132248931399
41220,-0.0064438160325296
41221,0.0009670931105124
41222,-0.0149663283728514
41223,-0.0127260011422345
41224,0.0072444285333672
41225,-0.0145641290510995
41226,0.004497294207152
41227,0.0029791356314335
41228,-0.0076100552716289
41229,0.0036393254814275
41230,-0.000976738066029
41231,-0.0100039775772161
41232,-0.0181868321690101
41233,0.0079865213006281
41234,0.0255275503940269
41235,0.0372110658419467
41236,0.0057954739555453
41237,-0.0106255769786948
41238,-0.0065737540350219
41239,-0.0141141479900749
41240,-0.0129861199631506
41241,-0.0035247958913666
41242,0.0130555723085598
41243,-0.0041660707358913
41244,-0.0027015517844594
41245,0.0019710041182138
41246,0.0010945531511371
41247,-0.0020995791522545
41248,0.0034526691068798
41249,0.0074265780807042
41250,0.0100341956605666
41251,0.0054382267142169
41252,0.0178495264371185
41253,0.0061176730629462
41254,-0.0052056038758517
41255,-0.016453435690778
41256,-0.0124528207809817
41257,0.0049190612566214
41258,-0.0115524017872205
41259,-0.0143636598937162
41260,-0.0030371539998371
41261,0.0187982286401761
41262,0.0077994788653056
41263,-0.009735574456768
41264,-0.0088401924362625
41265,-0.0074404263590456
41266,0.0004410656897863
41267,-0.0008503927355691
41268,-0.0108865366213568
41269,-0.01372651748503
41270,0.0099439526064176
41271,0.0219694145693582
41272,0.0069454445126988
41273,0.0068594837329878
41274,0.0160196253366601
41275,-0.0010113922618038
41276,-0.0159948718939273
41277,-0.0046069559099474
41278,-0.0131540893208118
41279,-0.0027333812517032
41280,0.0088002691614854
41281,0.0129720658944272
41282,0.00996930910684
41283,-0.0047170436780939
41284,-0.0171589726417288
41285,0.0008166140484269
41286,0.0013339106450439
41287,0.0045099945313209
41288,0.0077334459925687
41289,-0.0066467976508154
41290,-0.0096771691337756
41291,0.0038249568905957
41292,0.0052792231988792
41293,-0.0041067949223188
41294,-0.0008775471343601
41295,-0.0092221506448559
41296,-0.0027145133238454
41297,-0.0141061884580155
41298,-0.0015441059507843
41299,0.0204425244421768
41300,0.0149819606462809
41301,0.0303798654657504
41302,0.004902018533158
41303,-0.0131462988510643
41304,-0.0073775778242626
41305,-0.0075044041560511
41306,0.0009965998504591
41307,-0.0179964347846407
41308,-0.004905251836808
41309,0.0007062807174167
41310,0.0010605042073755
41311,-0.0038240899662561
41312,-0.0089654784875356
41313,-0.0061833640272518
41314,0.0111044093401702
41315,0.0218836254954289
41316,0.0368475711499717
41317,0.0014930114796786
41318,-0.0107087633496581
41319,-0.0198340516485175
41320,-0.0178112178735833
41321,-0.0010311692450142
41322,-0.0152118948531181
41323,-0.0017319518260258
41324,-0.0020158886872392
41325,-0.0084027694906939
41326,0.0151390125041862
41327,0.0338618567458642
41328,0.0034143246388295
41329,-0.0022646393424902
41330,-0.0148192362867128
41331,-0.0181203543824524
41332,-0.0060358020041327
41333,0.031298869653935
41334,0.0153391660679921
41335,0.0031185496665378
41336,-0.0229260434837336
41337,-0.0131779580053719
41338,0.0064161005112838
41339,0.0079745606913251
41340,0.0071104254657956
41341,-0.0085455458169439
41342,-0.0104515288351984
41343,-0.0005944370242329
41344,-0.0062862973812482
41345,-0.023515446511575
41346,0.0157668135467421
41347,0.0170738406620608
41348,0.0122894076779162
41349,0.0091067869151106
41350,-0.0029734904604012
41351,-0.0204994993384702
41352,-0.0119551614324927
41353,0.0190241617204265
41354,0.0028793154141471
41355,-0.0062485808101564
41356,0.0093179168864147
41357,-0.005226019701214
41358,-0.0024418367991853
41359,-0.0120934108181704
41360,-0.006769912978063
41361,-0.0011928476686143
41362,0.0033314655663513
41363,-0.0024319589628121
41364,-0.0005819771645336
41365,0.0185824176067805
41366,0.0137643043068059
41367,0.0064903095139527
41368,-0.0016239337260316
41369,-0.0021737509506717
41370,-0.0042837479540885
41371,-0.001518030697959
41372,0.0015809718435651
41373,-0.0015952930973586
41374,-0.0005525802991601
41375,-0.00592465416108
41376,0.0076749797068884
41377,0.0031991963822093
41378,-0.0110025098017526
41379,0.0018602604982914
41380,-0.0052586849505097
41381,-0.0127487169166418
41382,-0.0158041948260134
41383,0.0132182645952538
41384,0.0047616209891988
41385,-0.002008171671904
41386,0.0065404376714724
41387,0.0040628739716649
41388,-0.005195733973416
41389,0.0006507186896973
41390,0.0128454259610474
41391,-0.0072981395065414
41392,0.0002463620616184
41393,0.0154785021661181
41394,-0.0014394044618989
41395,-0.005269453895223
41396,0.0037162101806919
41397,-0.0109417974560376
41398,-0.0116194016613056
41399,-0.0036342478565411
41400,0.0075255944620272
41401,0.0106517027012393
41402,-0.0034893339094651
41403,0.0099365107386361
41404,0.0158736823475772
41405,0.0166856482884893
41406,-0.0084041643882724
41407,-0.0293973776242354
41408,-0.0020024697101442
41409,-0.0074805733167432
41410,-0.0040517516068939
41411,-0.0107821217496961
41412,-0.0080085783075068
41413,-0.0049168340885535
41414,0.0031238844509135
41415,0.0079119051946771
41416,0.0053303519816371
41417,0.0132288840105158
41418,0.0026168345032651
41419,-0.0018221775672735
41420,-0.0003586641002878
41421,0.0116437322192576
41422,0.0013927478656923
41423,-0.0086944584975007
41424,-0.0054360415032452
41425,-0.0008378372843626
41426,0.0053380581824679
41427,0.0069150506700883
41428,-0.0067499920084839
41429,-0.0141522932249914
41430,-0.0071927362633829
41431,0.0123421819289128
41432,0.0191466961561769
41433,0.0231769297044589
41434,0.0178230799118306
41435,-0.0064874567986544
41436,-0.0142489246757854
41437,-0.0142245811251233
41438,-0.0139009229956572
41439,-0.0088268319581146
41440,-0.0024614364138274
41441,-0.0030607068454993
41442,0.0012668038364049
41443,-0.0043745269894691
41444,-0.0168244487905185
41445,-0.0064775246471793
41446,0.0075658434283978
41447,0.0150762826519277
41448,0.0103597900495742
41449,-0.0041199265747602
41450,0.0160948038073272
41451,0.0018484037817879
41452,-0.0023917047280307
41453,-0.0055674162183829
41454,-0.0039146848869437
41455,-0.001050633819253
41456,-0.0087559523910354
41457,0.0069618933453541
41458,0.0121516444089418
41459,-0.0075474136083831
41460,-0.0009726499106129
41461,0.0011458020547521
41462,-0.0079646680580049
41463,0.0154118911907475
41464,0.010751625708613
41465,0.0069238282302556
41466,-0.006929214577598
41467,0.004652670037956
41468,0.0005606292636209
41469,-0.0029101795680492
41470,-0.0138274512920158
41471,-0.0164668557035845
41472,-0.0125488078285768
41473,0.0027474694513922
41474,0.0142432257133921
41475,0.0096898111711537
41476,-0.0003323649665805
41477,0.0008294833608284
41478,-0.000246137266128
41479,-0.0040456217455127
41480,0.0048599115843788
41481,-0.0066090459781771
41482,-0.006421670359183
41483,-0.005871803333972
41484,-0.0080893969343336
41485,-0.0014748726413268
41486,0.019910722115282
41487,0.0121531727142172
41488,0.0021464706509854
41489,-0.0161379711442367
41490,-0.013599671785774
41491,-0.0142349207956006
41492,0.0023588818123342
41493,0.020528623332183
41494,0.0187012720584087
41495,0.0057967350026441
41496,-0.0074151571128575
41497,-0.0006241384783282
41498,0.0059130664121007
41499,0.0198679970156224
41500,0.0155753582125602
41501,-0.0160199947801728
41502,-0.0209812280630956
41503,-0.0083055992795136
41504,-0.0090157389378813
41505,0.0190541679918004
41506,0.0047201241011744
41507,-0.019356874236377
41508,0.0045834016862165
41509,-0.0062442937933565
41510,-0.0036580484382597
41511,-0.0091392939451574
41512,-0.00648923511751
41513,0.0144989749557961
41514,0.0048205443469281
41515,0.0029123118871564
41516,-0.0101113679736789
41517,0.0004747923217866
41518,0.0003200902399535
41519,0.001079398608502
41520,0.0034171167343609
41521,0.0032988330391754
41522,-0.0046626311631835
41523,0.0001588780576332
41524,-0.0005990249212703
41525,0.0052608590783836
41526,0.0125530440622309
41527,-0.0170184532867499
41528,-0.0033008292618476
41529,0.0054121643814913
41530,0.0038509216010709
41531,0.0152064227706523
41532,0.0053840299306108
41533,-0.0056699945468747
41534,-0.0138248152030184
41535,0.0067158055179619
41536,0.0027117446677538
41537,-0.0054468442498711
41538,0.0023949062162613
41539,-0.0041954846712057
41540,0.0019559639467467
41541,-0.0053808602788955
41542,0.0017254443079318
41543,-0.0006826983299887
41544,-0.0056724315998549
41545,-0.0087067319099208
41546,0.00172362164484
41547,0.0156114902102772
41548,0.0210233508557546
41549,-0.0043175261932588
41550,-0.0216463810348073
41551,-0.0168427923994256
41552,0.0164176751121041
41553,0.0310829282218658
41554,0.0052518885113091
41555,-0.0181373795713177
41556,-0.0140526965394069
41557,-0.0041611709174846
41558,-0.0041931090624961
41559,0.0032005648158221
41560,-0.0083062145958636
41561,-0.0018569891523337
41562,-0.0106195201815136
41563,-0.0029483098648414
41564,0.0110844480518528
41565,0.007040696110752
41566,-0.0052666036719787
41567,0.003382427180227
41568,0.0105022899225226
41569,0.0065473704367949
41570,-0.0040769199960126
41571,-0.0010007711456118
41572,0.0034944737606857
41573,-0.0052291619363276
41574,0.0049870997536623
41575,-0.006746576994684
41576,-0.0058921516242143
41577,0.0105158207714758
41578,0.0108130986652436
41579,0.0111995091248856
41580,-0.0218576403183711
41581,0.0098866909916292
41582,0.0102302047708317
41583,-0.0112447516196442
41584,0.0146929310957449
41585,-0.0080622272655989
41586,-0.003881167528066
41587,-0.0134717171568731
41588,-0.0117970191899637
41589,-0.0150891097839133
41590,0.0053231949444203
41591,0.0219478048061764
41592,0.00979973200637
41593,-0.0069059232048688
41594,-0.0104385734911706
41595,-0.0002961866212524
41596,-0.0010814739360321
41597,-0.0084485904726891
41598,-0.017648162879031
41599,0.0094280792737636
41600,0.0190986534084089
41601,0.0096513981863966
41602,-0.0022013144915979
41603,-0.0084462923598121
41604,0.0049647787012058
41605,0.0015907190595411
41606,-0.0086194124183738
41607,0.0167072117907197
41608,0.011526518113703
41609,-0.0075894323294265
41610,-0.0081488882063789
41611,-0.0080119553680845
41612,-0.0003013708579916
41613,0.0242190021271164
41614,0.0139978325172126
41615,-0.006614900061907
41616,-0.0180532614360059
41617,-0.0321527290938872
41618,0.0059747066793223
41619,0.0244932861264045
41620,0.0124679973275097
41621,-0.0068462389869651
41622,-0.0184641881406125
41623,0.0037542088817713
41624,0.0022786418514129
41625,-0.0087968476262772
41626,-0.0068152602838198
41627,-0.0057537726910183
41628,0.0106182702713006
41629,-0.0021444448152014
41630,-0.0048203795985031
41631,0.0083507076094189
41632,0.0191302405107238
41633,0.0099774798497425
41634,-0.0046653831829529
41635,-0.0098417300280766
41636,-0.0054168713578144
41637,-0.0131617481808067
41638,-0.0085375436377449
41639,0.0065711255912304
41640,-0.0007384269513573
41641,-0.0047839058909358
41642,0.0090664733219781
41643,0.0170553449295639
41644,0.021599920789092
41645,0.0387915251596562
41646,-0.0138342492820747
41647,-0.0344061749748689
41648,0.0050077323712027
41649,0.0117465897593876
41650,-0.0154483741383814
41651,-0.0203286127063454
41652,-0.0184035320865136
41653,-0.0092965449940069
41654,-0.0165098569968406
41655,-0.0031505409206112
41656,0.0129510915947467
41657,0.0080470412241182
41658,0.0096008596536604
41659,-0.0053618824684793
41660,-0.0008622568749702
41661,0.0150173115494551
41662,0.0086398509202691
41663,0.0039258169116491
41664,0.0014008135618406
41665,0.0003928778459366
41666,0.0091701923002525
41667,0.0154793058600832
41668,-0.0061559936725751
41669,0.0072675459151684
41670,0.0072095080276332
41671,-0.0204881984088609
41672,-0.0055913763818596
41673,-0.0146893547179887
41674,-0.0084987272856049
41675,-0.0087688285425438
41676,0.0143469003537643
41677,0.0208708200286204
41678,-0.0021318508195613
41679,-0.0032621405550718
41680,0.0069616322467897
41681,-0.0069541118010313
41682,-0.0054227073197651
41683,-0.015856106983375
41684,-0.002842740663706
41685,0.0141941722113237
41686,-0.003609474529165
41687,0.0045004489723007
41688,-0.0076680879865474
41689,-0.0049194965819287
41690,0.0015229308996145
41691,0.0020829248144566
41692,0.0010082903306451
41693,-0.0081214855961035
41694,-0.0206043223382303
41695,-0.0313007883811122
41696,0.0212640065966231
41697,0.0551321508447062
41698,0.0290997572626094
41699,0.0011919314444925
41700,-0.01468786438039
41701,-0.0006241652441805
41702,-0.0074340556757363
41703,-0.0065049853114976
41704,-0.0068179913617331
41705,-0.012766178597928
41706,-0.0021134169417245
41707,-0.0001641319480355
41708,0.0023563505882372
41709,0.0105304679220275
41710,0.003167514358373
41711,0.0070639755999297
41712,0.0027464159974797
41713,-0.0053073044364375
41714,-0.0017269550962166
41715,-0.0149549382554262
41716,0.0020403748800444
41717,0.0073615604257398
41718,-0.0026443083938223
41719,0.0085977830781699
41720,0.001574589837466
41721,-0.0062729200631177
41722,-0.0068915203239926
41723,0.0061389963885988
41724,0.0070150299771468
41725,-0.0036258303376836
41726,-0.0047539457739383
41727,-0.0071303567581854
41728,-0.0069847039318485
41729,-0.0025501959391078
41730,-0.0134257830163307
41731,-0.0140342875308678
41732,0.0171897786543074
41733,0.0035373009663321
41734,-0.0091684813547374
41735,0.005601883668177
41736,0.0449643344710888
41737,0.039077237712856
41738,-0.0168620999817648
41739,0.0029694797385359
41740,0.0012295445393497
41741,-0.0043048389064652
41742,-0.0152179250001187
41743,-0.0179474274079129
41744,-0.0016910461138929
41745,-0.0117114503620119
41746,-0.0081389252852928
41747,-0.0126674346966134
41748,-0.0044325616362615
41749,0.0030533152815051
41750,0.0045203208909143
41751,0.0012390964488924
41752,-0.0225435048407344
41753,-0.0142948513282812
41754,0.031617907315605
41755,0.0309965937655559
41756,0.0136274934674528
41757,0.0148994273865499
41758,0.0089878560956772
41759,0.0057107188050749
41760,-0.0135412806360804
41761,-0.0124503896546384
41762,-0.0079596560035899
41763,-0.0132110435691583
41764,-0.0056240940093852
41765,-0.002389138221007
41766,-0.0083524538892064
41767,-0.0071569108007562
41768,0.0108501701609647
41769,-0.0005407568484376
41770,0.0028304643694416
41771,0.0057729028634921
41772,0.0204056879888957
41773,0.0014704057640287
41774,-0.0150934595440586
41775,-0.004948263870928
41776,-0.0004422181792228
41777,0.0055675125910677
41778,-0.0053160051961858
41779,0.0171748293429546
41780,0.0139749959157786
41781,-0.0115187131839123
41782,-0.0154296630644817
41783,-0.0081701711481313
41784,0.0019727562958069
41785,0.0050719415634302
41786,0.0046988037299421
41787,0.0035451465498285
41788,0.000405459190024
41789,-0.0202751099527871
41790,-0.0130553778137662
41791,0.0069374116991224
41792,-0.0077708019443379
41793,0.015384860546779
41794,0.0268692927393012
41795,-0.0020820079616577
41796,-0.0069387892686262
41797,0.0028777669030227
41798,-0.0052218312528976
41799,-0.0087233387792657
41800,-0.0092070659464696
41801,-0.0076825373257024
41802,-0.0043939205463511
41803,0.0036120066547339
41804,0.0053381961607783
41805,-0.0006603937871493
41806,0.0145957048581446
41807,-0.0012175422202638
41808,-0.0122027688722884
41809,0.0170208839446257
41810,0.0289332542098799
41811,0.0169245624103847
41812,-0.004461847634733
41813,-0.0119187694353931
41814,-0.0100090982055659
41815,-0.0129530548642202
41816,-0.0086884977390234
41817,-0.0111940785281996
41818,-0.0106583419311593
41819,0.0015091254390799
41820,0.0077683015330414
41821,0.0199644425503041
41822,-0.0087870573630476
41823,-0.0022808055367759
41824,0.0153010835107905
41825,0.0004151437040849
41826,-0.0049240123496814
41827,-0.0175366939897629
41828,-0.0121440814540942
41829,-0.0019412189728469
41830,0.0108742157071696
41831,0.0069841908535685
41832,0.0064563450946241
41833,-0.0031193441109324
41834,0.0085018287618392
41835,0.0077349396607876
41836,-0.0043967889455238
41837,-0.0098219552941847
41838,0.0024988956130242
41839,0.0052493445789692
41840,0.0041327456050835
41841,0.0025042670362992
41842,-0.0163784384076047
41843,-0.0040584001354276
41844,-0.005180855262938
41845,0.0067425778854021
41846,0.011754632527644
41847,0.0004573196389499
41848,-0.0063340111320821
41849,0.0075250942599274
41850,0.0074133283889004
41851,0.0015169315439229
41852,-0.0073431344253443
41853,-0.0144326487103677
41854,-0.007351335684307
41855,0.0097370719218184
41856,0.0034962592348702
41857,0.0034019211740396
41858,-0.0026785666312627
41859,0.0043730897637486
41860,0.0192161893506707
41861,-0.007685275165124
41862,0.0004043403090842
41863,-0.0365741461711303
41864,-0.0169850449098234
41865,0.0095096100568041
41866,-0.0028246139448621
41867,0.0017144486312098
41868,0.025848604707101
41869,0.0155688705798909
41870,-0.013271343453794
41871,0.0048234717716012
41872,-0.0031798658504832
41873,0.0005557873963185
41874,-0.0042219125260269
41875,-0.0013495159120553
41876,-0.0014811591187383
41877,0.002452809985581
41878,0.0022244045599357
41879,-0.0098214605404204
41880,-0.0038938773654169
41881,0.0225653116128717
41882,0.0044936619654583
41883,-0.0044221862123941
41884,0.0028502555961841
41885,-0.0017337725421186
41886,0.005847316037469
41887,-0.0010333058300378
41888,-0.014172349956693
41889,-0.0125173737729236
41890,0.0044726300625748
41891,0.0074181610756196
41892,0.0003740341399573
41893,-0.0063256755939652
41894,0.0040150513467826
41895,0.0010434047325431
41896,0.0024877894607336
41897,-0.004530367420605
41898,-0.0048728505487223
41899,-0.0101845982791515
41900,-0.0065691210489939
41901,0.0055141739800503
41902,0.0133267355813035
41903,0.011062790140059
41904,0.013390537529815
41905,-1.3103018873640918e-05
41906,-0.0156448156364494
41907,0.0035399489614946
41908,0.0012827856683595
41909,0.0169565699103089
41910,0.0141781525815409
41911,-0.0220066737839129
41912,-0.0085610512895415
41913,0.0063917496562658
41914,-0.0006559443220921
41915,-0.0129846751601825
41916,-0.0111155563734451
41917,0.0009703408289985
41918,-0.0063135802775951
41919,-0.0055253392940816
41920,0.0092562603941916
41921,0.0047251591577755
41922,-0.0033131749220469
41923,0.0056476123902789
41924,-0.000241473529101
41925,-0.0038518582754562
41926,-0.0045846638742899
41927,-0.0026331021211753
41928,-0.01227131111174
41929,0.0067684223119318
41930,0.0173281661388103
41931,0.0193220311199013
41932,-0.010665973633531
41933,-0.0096026204554783
41934,0.0156313634605969
41935,-0.0112424053434869
41936,0.004206274358769
41937,0.0104881550412636
41938,0.0048808813859736
41939,-0.0036364994729429
41940,-0.0108141387052559
41941,-0.0133277309455452
41942,-0.0043583616777808
41943,0.0044651626497606
41944,-0.0014387867274604
41945,-0.0030081817673216
41946,0.0033804271223874
41947,0.007226860689018
41948,-0.002262764779798
41949,0.0027087650154267
41950,0.0068730615829801
41951,0.0059268967174811
41952,-0.0015574666167737
41953,0.0045810310913071
41954,0.0031797698539458
41955,-0.0044920732125913
41956,-0.0013390736627162
41957,-0.0015902921244884
41958,0.000770396179042
41959,0.0017918935712183
41960,0.0010550785513818
41961,-0.0153509817568008
41962,-0.0109991298439606
41963,-0.0019853667633342
41964,0.0001641946806995
41965,-0.0043397572903371
41966,0.006345749007842
41967,0.004026483820818
41968,-0.001119311628502
41969,0.0060939137931589
41970,-0.0003995317144485
41971,0.0040344117367536
41972,2.7184720413603317e-05
41973,-0.0065882492405903
41974,0.0147247093075406
41975,0.0170058513777149
41976,0.0011310936968558
41977,-0.0009864702720218
41978,-0.0144554842654443
41979,-0.0064150760331484
41980,0.0030110207843424
41981,-0.0027267919748009
41982,-0.0072076766334035
41983,-0.0131268858854813
41984,-0.0074922078632507
41985,-0.0040042530231238
41986,-0.0173581134509372
41987,0.0214461764650109
41988,0.0331044424106756
41989,0.0103643552890976
41990,-0.0103888580487071
41991,-0.0055476032479469
41992,-0.0042289025985918
41993,-0.0016510805923344
41994,0.0175562892305301
41995,0.0025951938819721
41996,-3.3728886044733473e-05
41997,-0.0132919739474107
41998,-0.0119927112380783
41999,-0.0199600020387919
